--
-- PostgreSQL database dump
--

\restrict Hf5qPXv3zqNN28raxp45kaFmC5acJEcFD0cDh1gfsvhD34BGOMixHOGxbaCEbeb

-- Dumped from database version 18.3 (Postgres.app)
-- Dumped by pg_dump version 18.3 (Postgres.app)

SET statement_timeout = 0;
SET lock_timeout = 0;
SET idle_in_transaction_session_timeout = 0;
SET transaction_timeout = 0;
SET client_encoding = 'UTF8';
SET standard_conforming_strings = on;
SELECT pg_catalog.set_config('search_path', '', false);
SET check_function_bodies = false;
SET xmloption = content;
SET client_min_messages = warning;
SET row_security = off;

SET default_tablespace = '';

SET default_table_access_method = heap;

--
-- Name: Actress; Type: TABLE; Schema: public; Owner: postgres
--

CREATE TABLE public."Actress" (
    id integer NOT NULL,
    name text NOT NULL,
    "tierId" integer NOT NULL,
    video_count integer NOT NULL,
    created_at timestamp(3) without time zone DEFAULT CURRENT_TIMESTAMP NOT NULL,
    updated_at timestamp(3) without time zone NOT NULL,
    emby_id text[]
);


ALTER TABLE public."Actress" OWNER TO postgres;

--
-- Name: Actress_id_seq; Type: SEQUENCE; Schema: public; Owner: postgres
--

CREATE SEQUENCE public."Actress_id_seq"
    AS integer
    START WITH 1
    INCREMENT BY 1
    NO MINVALUE
    NO MAXVALUE
    CACHE 1;


ALTER SEQUENCE public."Actress_id_seq" OWNER TO postgres;

--
-- Name: Actress_id_seq; Type: SEQUENCE OWNED BY; Schema: public; Owner: postgres
--

ALTER SEQUENCE public."Actress_id_seq" OWNED BY public."Actress".id;


--
-- Name: Tier; Type: TABLE; Schema: public; Owner: postgres
--

CREATE TABLE public."Tier" (
    id integer NOT NULL,
    name text NOT NULL,
    video_limit integer,
    created_at timestamp(3) without time zone DEFAULT CURRENT_TIMESTAMP NOT NULL,
    updated_at timestamp(3) without time zone NOT NULL,
    status text DEFAULT 'active'::text NOT NULL
);


ALTER TABLE public."Tier" OWNER TO postgres;

--
-- Name: Tier_id_seq; Type: SEQUENCE; Schema: public; Owner: postgres
--

CREATE SEQUENCE public."Tier_id_seq"
    AS integer
    START WITH 1
    INCREMENT BY 1
    NO MINVALUE
    NO MAXVALUE
    CACHE 1;


ALTER SEQUENCE public."Tier_id_seq" OWNER TO postgres;

--
-- Name: Tier_id_seq; Type: SEQUENCE OWNED BY; Schema: public; Owner: postgres
--

ALTER SEQUENCE public."Tier_id_seq" OWNED BY public."Tier".id;


--
-- Name: _prisma_migrations; Type: TABLE; Schema: public; Owner: postgres
--

CREATE TABLE public._prisma_migrations (
    id character varying(36) NOT NULL,
    checksum character varying(64) NOT NULL,
    finished_at timestamp with time zone,
    migration_name character varying(255) NOT NULL,
    logs text,
    rolled_back_at timestamp with time zone,
    started_at timestamp with time zone DEFAULT now() NOT NULL,
    applied_steps_count integer DEFAULT 0 NOT NULL
);


ALTER TABLE public._prisma_migrations OWNER TO postgres;

--
-- Name: Actress id; Type: DEFAULT; Schema: public; Owner: postgres
--

ALTER TABLE ONLY public."Actress" ALTER COLUMN id SET DEFAULT nextval('public."Actress_id_seq"'::regclass);


--
-- Name: Tier id; Type: DEFAULT; Schema: public; Owner: postgres
--

ALTER TABLE ONLY public."Tier" ALTER COLUMN id SET DEFAULT nextval('public."Tier_id_seq"'::regclass);


--
-- Data for Name: Actress; Type: TABLE DATA; Schema: public; Owner: postgres
--

COPY public."Actress" (id, name, "tierId", video_count, created_at, updated_at, emby_id) FROM stdin;
61	浜崎真緒	5	21	2026-03-09 07:38:06.984	2026-03-09 07:43:58.213	{188165}
30	小宵こなん	5	28	2026-03-09 02:56:15.594	2026-03-09 06:42:53.522	{186961}
42	夏目彩春	5	33	2026-03-09 07:38:06.984	2026-03-09 07:53:00.368	{166808}
51	辻井ほのか	5	35	2026-03-09 07:38:06.984	2026-03-09 07:54:48.507	{177090}
62	波多野結衣	5	37	2026-03-09 07:38:06.984	2026-03-09 08:56:21.561	{113042}
46	君島みお	5	28	2026-03-09 07:38:06.984	2026-03-09 08:57:31.395	{188215}
43	初音みのり	5	34	2026-03-09 07:38:06.984	2026-03-09 08:58:42.491	{188217}
32	長澤あずさ	4	43	2026-03-09 02:56:15.594	2026-03-09 06:46:39.757	{186867}
38	菅野さゆき	4	24	2026-03-09 02:56:15.594	2026-03-09 06:46:41.598	{186837}
45	深田えいみ	5	32	2026-03-09 07:38:06.984	2026-03-09 09:23:19.62	{188225}
40	天音まひな	4	16	2026-03-09 06:44:48.423	2026-03-09 06:46:46.415	{186940}
33	松下紗栄子	4	30	2026-03-09 02:56:15.594	2026-03-09 06:46:47.518	{186900}
36	吉川あいみ	4	30	2026-03-09 02:56:15.594	2026-03-09 06:46:48.339	{186803}
35	Hitomi	4	26	2026-03-09 02:56:15.594	2026-03-09 06:46:49.321	{186894,108693}
34	桃瀬友梨奈	4	28	2026-03-09 02:56:15.594	2026-03-09 06:46:50.381	{186832}
19	佐山愛	4	95	2026-03-09 02:56:15.594	2026-03-09 06:50:00.393	{108145}
20	篠田ゆう	4	92	2026-03-09 02:56:15.594	2026-03-09 06:55:01.824	{186919}
24	葵つかさ	4	56	2026-03-09 02:56:15.594	2026-03-09 07:30:23.599	{3365}
31	上羽絢	4	35	2026-03-09 02:56:15.594	2026-03-09 03:41:14.024	{59828}
21	天使もえ	4	85	2026-03-09 02:56:15.594	2026-03-09 06:32:12.344	{3400}
22	織田真子	4	83	2026-03-09 02:56:15.594	2026-03-09 06:32:13.784	{124665}
23	夢乃あいか	4	72	2026-03-09 02:56:15.594	2026-03-09 06:32:20.078	{170557}
66	優月まりな	5	20	2026-03-09 07:38:06.984	2026-03-09 07:44:09.022	{188166}
25	三上悠亜	4	44	2026-03-09 02:56:15.594	2026-03-09 06:37:21.096	{186795}
26	藤浦めぐ	4	64	2026-03-09 02:56:15.594	2026-03-09 06:37:23.155	{170579}
27	安齋らら	4	44	2026-03-09 02:56:15.594	2026-03-09 06:37:30.517	{186819}
39	田中レモン	4	43	2026-03-09 06:41:34.678	2026-03-09 06:41:41.566	{164880}
64	ティア	5	20	2026-03-09 07:38:06.984	2026-03-09 07:43:59.312	{188150}
29	西條るり	4	56	2026-03-09 02:56:15.594	2026-03-09 06:42:46.884	{179520}
50	小早川怜子	5	34	2026-03-09 07:38:06.984	2026-03-09 07:44:00.333	{178558}
72	風間ゆみ	5	8	2026-03-09 09:33:23.808	2026-03-09 09:33:36.964	{104059}
68	楠エリサ	5	13	2026-03-09 07:38:06.984	2026-03-09 07:44:11.576	{177001}
63	園田みおん	5	18	2026-03-09 07:38:06.984	2026-03-09 07:44:01.214	{188142}
52	鈴木真夕	5	36	2026-03-09 07:38:06.984	2026-03-09 07:44:02.175	{128592}
65	吉沢明歩	5	14	2026-03-09 07:38:06.984	2026-03-09 07:44:03.153	{188210}
53	高橋しょう子	5	26	2026-03-09 07:38:06.984	2026-03-09 07:44:03.959	{188232}
58	真木今日子	5	31	2026-03-09 07:38:06.984	2026-03-09 07:44:04.757	{147738}
69	新ありな	5	30	2026-03-09 07:42:05.002	2026-03-09 09:24:35.378	{188246}
48	田中ねね	5	30	2026-03-09 07:38:06.984	2026-03-09 09:26:20.488	{184992}
67	山手梨愛	5	10	2026-03-09 07:38:06.984	2026-03-09 07:44:14.236	{188234}
41	希島あいり	5	52	2026-03-09 07:38:06.984	2026-03-09 07:49:50.252	{151723}
59	桐谷まつり	5	22	2026-03-09 07:38:06.984	2026-03-09 07:43:49.526	{188146}
60	友田彩也香	5	23	2026-03-09 07:38:06.984	2026-03-09 07:43:50.407	{188161}
49	春菜はな	5	32	2026-03-09 07:38:06.984	2026-03-09 07:43:51.701	{188222}
55	相沢みなみ	5	29	2026-03-09 07:38:06.984	2026-03-09 07:43:52.752	{188221}
56	羽咲みはる	5	28	2026-03-09 07:38:06.984	2026-03-09 07:43:53.819	{188157}
57	長瀬麻美	5	32	2026-03-09 07:38:06.984	2026-03-09 07:43:55.029	{128591}
71	塚田詩織	5	10	2026-03-09 09:27:23.448	2026-03-09 09:33:51.193	{188386}
70	未歩なな	5	19	2026-03-09 09:27:23.448	2026-03-09 09:37:01.628	{175074}
47	叶愛	5	32	2026-03-09 07:38:06.984	2026-03-09 07:44:06.425	{188159}
54	松本菜奈実	5	29	2026-03-09 07:38:06.984	2026-03-09 09:38:18.64	{165085}
74	岬ななみ	6	20	2026-03-09 11:21:23.781	2026-03-09 12:57:25.491	{191821}
76	西田那津	6	19	2026-03-09 11:21:23.781	2026-03-09 12:52:46.932	{191838}
77	小島みなみ	6	26	2026-03-09 11:21:23.781	2026-03-09 12:48:22.573	{177077}
83	沖田杏梨	6	20	2026-03-09 11:21:23.781	2026-03-09 13:57:36.531	{35881}
81	天海つばさ	6	20	2026-03-09 11:21:23.781	2026-03-09 13:56:41.728	{191573}
82	本郷愛	6	20	2026-03-09 11:21:23.781	2026-03-09 13:35:15.63	{191828}
87	東凛	6	20	2026-03-09 11:21:23.781	2026-03-09 13:59:21.112	{113060}
80	佐野ゆま	6	19	2026-03-09 11:21:23.781	2026-03-09 13:36:55.02	{191835}
88	ひなたまりん	6	19	2026-03-09 11:21:23.781	2026-03-09 13:58:22.387	{191809}
86	凛音とうか	6	18	2026-03-09 11:21:23.781	2026-03-09 14:04:37.036	{191806}
84	吉高寧々	6	19	2026-03-09 11:21:23.781	2026-03-09 14:07:51.373	{161302}
125	桜もこ	6	10	2026-03-09 11:21:23.781	2026-03-09 12:58:05.339	{191755}
132	さつき芽衣	7	0	2026-03-09 12:06:15.423	2026-03-09 12:06:15.423	{}
133	逢見リカ	7	0	2026-03-09 12:06:15.423	2026-03-09 12:06:15.423	{}
134	佐伯由美香	7	0	2026-03-09 12:06:15.423	2026-03-09 12:06:15.423	{}
135	藤井いよな	7	0	2026-03-09 12:06:15.423	2026-03-09 12:06:15.423	{}
136	斎藤あみり	7	0	2026-03-09 12:06:15.423	2026-03-09 12:06:15.423	{}
137	竹内有紀	7	0	2026-03-09 12:06:15.423	2026-03-09 12:06:15.423	{}
138	川北メイサ	7	0	2026-03-09 12:06:15.423	2026-03-09 12:06:15.423	{}
139	五十嵐なつ	7	0	2026-03-09 12:06:15.423	2026-03-09 12:06:15.423	{}
140	綾瀬こころ	7	0	2026-03-09 12:06:15.423	2026-03-09 12:06:15.423	{}
141	美咲かんな	7	0	2026-03-09 12:06:15.423	2026-03-09 12:06:15.423	{}
142	希志あいの	7	0	2026-03-09 12:06:15.423	2026-03-09 12:06:15.423	{}
143	七嶋舞	7	0	2026-03-09 12:06:15.423	2026-03-09 12:06:15.423	{}
144	蓮実クレア	7	0	2026-03-09 12:06:15.423	2026-03-09 12:06:15.423	{}
145	早坂ひめ	7	0	2026-03-09 12:06:15.423	2026-03-09 12:06:15.423	{}
146	希代あみ	7	0	2026-03-09 12:06:15.423	2026-03-09 12:06:15.423	{}
147	Rio	7	0	2026-03-09 12:06:15.423	2026-03-09 12:06:15.423	{}
148	松本梨穂	7	0	2026-03-09 12:06:15.423	2026-03-09 12:06:15.423	{}
149	沙月ふみの	7	0	2026-03-09 12:06:15.423	2026-03-09 12:06:15.423	{}
150	岬さくら	7	0	2026-03-09 12:06:15.423	2026-03-09 12:06:15.423	{}
151	結城りの	7	0	2026-03-09 12:06:15.423	2026-03-09 12:06:15.423	{}
152	永瀬みなも	7	0	2026-03-09 12:06:15.423	2026-03-09 12:06:15.423	{}
153	二葉エマ	7	0	2026-03-09 12:06:15.423	2026-03-09 12:06:15.423	{}
154	中村ここね	7	0	2026-03-09 12:06:15.423	2026-03-09 12:06:15.423	{}
155	村上悠華	7	0	2026-03-09 12:06:15.423	2026-03-09 12:06:15.423	{}
156	伊賀まこ	7	0	2026-03-09 12:06:15.423	2026-03-09 12:06:15.423	{}
157	古川いおり	7	0	2026-03-09 12:06:15.423	2026-03-09 12:06:15.423	{}
158	二宮ひかり	7	0	2026-03-09 12:06:15.423	2026-03-09 12:06:15.423	{}
159	夕美しおん	7	0	2026-03-09 12:06:15.423	2026-03-09 12:06:15.423	{}
160	安みなみ	7	0	2026-03-09 12:06:15.423	2026-03-09 12:06:15.423	{}
161	リリー・ハート	7	0	2026-03-09 12:06:15.423	2026-03-09 12:06:15.423	{}
162	有賀みなほ	7	0	2026-03-09 12:06:15.423	2026-03-09 12:06:15.423	{}
163	本田瞳	7	0	2026-03-09 12:06:15.423	2026-03-09 12:06:15.423	{}
164	明日見未来	7	0	2026-03-09 12:06:15.423	2026-03-09 12:06:15.423	{}
165	槙いずな	7	0	2026-03-09 12:06:15.423	2026-03-09 12:06:15.423	{}
166	皇ゆず	7	0	2026-03-09 12:06:15.423	2026-03-09 12:06:15.423	{}
73	鈴村あいり	6	19	2026-03-09 11:21:23.781	2026-03-09 12:39:36.04	{15704}
75	美谷朱里	5	36	2026-03-09 11:21:23.781	2026-03-09 12:55:02.371	{175406,175388}
121	乙白さやか	6	10	2026-03-09 11:21:23.781	2026-03-09 12:58:09.593	{191785}
119	佐知子	6	11	2026-03-09 11:21:23.781	2026-03-09 12:58:11.291	{191746}
117	香坂紗梨	6	11	2026-03-09 11:21:23.781	2026-03-09 12:58:12.724	{191769}
113	水原みその	6	11	2026-03-09 11:21:23.781	2026-03-09 12:58:59.949	{191830}
111	水野朝陽	6	13	2026-03-09 11:21:23.781	2026-03-09 12:59:01.795	{191762}
109	紺野ひかる	6	12	2026-03-09 11:21:23.781	2026-03-09 12:59:03.204	{191747}
107	愛宝すず	6	12	2026-03-09 11:21:23.781	2026-03-09 12:59:04.554	{191815}
103	時田亜美	6	14	2026-03-09 11:21:23.781	2026-03-09 12:59:06.798	{185400}
101	桃尻かなめ	6	12	2026-03-09 11:21:23.781	2026-03-09 12:59:07.878	{191751}
104	本田莉子	6	13	2026-03-09 11:21:23.781	2026-03-09 13:32:26.62	{191793}
115	吉岡ひより	6	11	2026-03-09 11:21:23.781	2026-03-09 12:58:58.262	{191791}
108	美谷朱音	6	33	2026-03-09 11:21:23.781	2026-03-09 13:32:27.888	{175388}
112	羽生ありさ	6	11	2026-03-09 11:21:23.781	2026-03-09 13:32:29.95	{191756}
116	夏希まろん	6	10	2026-03-09 11:21:23.781	2026-03-09 13:32:31.04	{191776}
120	本田岬	6	10	2026-03-09 11:21:23.781	2026-03-09 13:32:32.052	{191779}
128	三船かれん	6	8	2026-03-09 11:21:23.781	2026-03-09 13:32:34.237	{191752}
129	七海ひな	6	8	2026-03-09 11:21:23.781	2026-03-09 13:35:09.597	{191781}
100	中野七緒	6	14	2026-03-09 11:21:23.781	2026-03-09 13:32:24.576	{191788}
131	千乃あずみ	6	13	2026-03-09 11:21:23.781	2026-03-09 13:35:10.384	{191757}
110	よしい美希	6	11	2026-03-09 11:21:23.781	2026-03-09 13:35:11.07	{191748}
97	瀬名ひかり	6	12	2026-03-09 11:21:23.781	2026-03-09 13:58:19.307	{191763}
95	紗々原ゆり	6	17	2026-03-09 11:21:23.781	2026-03-09 13:58:20.303	{170511}
94	戸田真琴	6	14	2026-03-09 11:21:23.781	2026-03-09 13:58:21.478	{191824}
114	霧島レオナ	6	10	2026-03-09 11:21:23.781	2026-03-09 14:00:53.905	{191775}
99	大浦真奈美	6	12	2026-03-09 11:21:23.781	2026-03-09 13:58:18.378	{191792}
122	倉多まお	6	10	2026-03-09 11:21:23.781	2026-03-09 14:00:55.481	{191789}
124	若月みいな	6	10	2026-03-09 11:21:23.781	2026-03-09 14:00:56.122	{191786}
102	瀬田一花	6	12	2026-03-09 11:21:23.781	2026-03-09 14:00:56.917	{191814}
96	小梅えな	6	17	2026-03-09 11:21:23.781	2026-03-09 14:00:59.173	{178627}
92	永瀬ゆい	6	19	2026-03-09 11:21:23.781	2026-03-09 14:00:59.83	{191801}
93	加美杏奈	6	15	2026-03-09 11:21:23.781	2026-03-09 14:01:00.468	{191745}
118	乙アリス	6	10	2026-03-09 11:21:23.781	2026-03-09 14:01:01.241	{191754}
167	綾瀬麻衣子	7	0	2026-03-09 12:06:15.423	2026-03-09 12:06:15.423	{}
168	はやのうた	7	0	2026-03-09 12:06:15.423	2026-03-09 12:06:15.423	{}
169	宇野みれい	7	0	2026-03-09 12:06:15.423	2026-03-09 12:06:15.423	{}
170	愛音まりあ	7	0	2026-03-09 12:06:15.423	2026-03-09 12:06:15.423	{}
171	神菜美まい	7	0	2026-03-09 12:06:15.423	2026-03-09 12:06:15.423	{}
172	前田桃杏	7	0	2026-03-09 12:06:15.423	2026-03-09 12:06:15.423	{}
173	流田みな実	7	0	2026-03-09 12:06:15.423	2026-03-09 12:06:15.423	{}
174	希咲アリス	7	0	2026-03-09 12:06:15.423	2026-03-09 12:06:15.423	{}
175	坂井千晴	7	0	2026-03-09 12:06:15.423	2026-03-09 12:06:15.423	{}
176	松永さな	7	0	2026-03-09 12:06:15.423	2026-03-09 12:06:15.423	{}
177	桃果あかり	7	0	2026-03-09 12:06:15.423	2026-03-09 12:06:15.423	{}
178	沙月恵奈	7	0	2026-03-09 12:06:15.423	2026-03-09 12:06:15.423	{}
179	七瀬いおり	7	0	2026-03-09 12:06:15.423	2026-03-09 12:06:15.423	{}
180	安達夕莉	7	0	2026-03-09 12:06:15.423	2026-03-09 12:06:15.423	{}
181	岡田ひなの	7	0	2026-03-09 12:06:15.423	2026-03-09 12:06:15.423	{}
182	穂高結花	7	0	2026-03-09 12:06:15.423	2026-03-09 12:06:15.423	{}
183	日向かえで	7	0	2026-03-09 12:06:15.423	2026-03-09 12:06:15.423	{}
184	流川夕	7	0	2026-03-09 12:06:15.423	2026-03-09 12:06:15.423	{}
185	成美このは	7	0	2026-03-09 12:06:15.423	2026-03-09 12:06:15.423	{}
186	琴井しほり	7	0	2026-03-09 12:06:15.423	2026-03-09 12:06:15.423	{}
187	流川莉央	7	0	2026-03-09 12:06:15.423	2026-03-09 12:06:15.423	{}
188	晶エリー	7	0	2026-03-09 12:06:15.423	2026-03-09 12:06:15.423	{}
189	九野ひなの	7	0	2026-03-09 12:06:15.423	2026-03-09 12:06:15.423	{}
190	桜羽のどか	7	0	2026-03-09 12:06:15.423	2026-03-09 12:06:15.423	{}
191	佐田茉莉子	7	0	2026-03-09 12:06:15.423	2026-03-09 12:06:15.423	{}
192	有坂深雪	7	0	2026-03-09 12:06:15.423	2026-03-09 12:06:15.423	{}
193	稲場るか	7	0	2026-03-09 12:06:15.423	2026-03-09 12:06:15.423	{}
194	我妻里帆	7	0	2026-03-09 12:06:15.423	2026-03-09 12:06:15.423	{}
195	益坂美亜	7	0	2026-03-09 12:06:15.423	2026-03-09 12:06:15.423	{}
196	加藤結衣	7	0	2026-03-09 12:06:15.423	2026-03-09 12:06:15.423	{}
197	潮美舞	7	0	2026-03-09 12:06:15.423	2026-03-09 12:06:15.423	{}
198	吉永このみ	7	0	2026-03-09 12:06:15.423	2026-03-09 12:06:15.423	{}
199	上原保奈美	7	0	2026-03-09 12:06:15.423	2026-03-09 12:06:15.423	{}
200	平井栞奈	7	0	2026-03-09 12:06:15.423	2026-03-09 12:06:15.423	{}
201	君塚ひなた	7	0	2026-03-09 12:06:15.423	2026-03-09 12:06:15.423	{}
202	小倉七海	7	0	2026-03-09 12:06:15.423	2026-03-09 12:06:15.423	{}
203	七瀬アリス	7	0	2026-03-09 12:06:15.423	2026-03-09 12:06:15.423	{}
204	凰かなめ	7	0	2026-03-09 12:06:15.423	2026-03-09 12:06:15.423	{}
205	金谷うの	7	0	2026-03-09 12:06:15.423	2026-03-09 12:06:15.423	{}
206	冨安れおな	7	0	2026-03-09 12:06:15.423	2026-03-09 12:06:15.423	{}
207	あいだ飛鳥	7	0	2026-03-09 12:06:15.423	2026-03-09 12:06:15.423	{}
208	あやみ旬果	7	0	2026-03-09 12:06:15.423	2026-03-09 12:06:15.423	{}
209	黒川サリナ	7	0	2026-03-09 12:06:15.423	2026-03-09 12:06:15.423	{}
210	吉良りん	7	0	2026-03-09 12:06:15.423	2026-03-09 12:06:15.423	{}
211	飯山香織	7	0	2026-03-09 12:06:15.423	2026-03-09 12:06:15.423	{}
212	有村のぞみ	7	0	2026-03-09 12:06:15.423	2026-03-09 12:06:15.423	{}
213	朝比奈ななせ	7	0	2026-03-09 12:06:15.423	2026-03-09 12:06:15.423	{}
214	桜井彩	7	0	2026-03-09 12:06:15.423	2026-03-09 12:06:15.423	{}
215	夏川うみ	7	0	2026-03-09 12:06:15.423	2026-03-09 12:06:15.423	{}
216	高坂ニナ	7	0	2026-03-09 12:06:15.423	2026-03-09 12:06:15.423	{}
217	朝倉ここな	7	0	2026-03-09 12:06:15.423	2026-03-09 12:06:15.423	{}
218	青山菜々	7	0	2026-03-09 12:06:15.423	2026-03-09 12:06:15.423	{}
219	並木あいな	7	0	2026-03-09 12:06:15.423	2026-03-09 12:06:15.423	{}
220	三島奈津子	7	0	2026-03-09 12:06:15.423	2026-03-09 12:06:15.423	{}
221	月見伊織	7	0	2026-03-09 12:06:15.423	2026-03-09 12:06:15.423	{}
222	美波もも	7	0	2026-03-09 12:06:15.423	2026-03-09 12:06:15.423	{}
223	大島優香	7	0	2026-03-09 12:06:15.423	2026-03-09 12:06:15.423	{}
224	緑川みやび	7	0	2026-03-09 12:06:15.423	2026-03-09 12:06:15.423	{}
225	加藤ツバキ	7	0	2026-03-09 12:06:15.423	2026-03-09 12:06:15.423	{}
226	天国るる	7	0	2026-03-09 12:06:15.423	2026-03-09 12:06:15.423	{}
227	秋吉ひな	7	0	2026-03-09 12:06:15.423	2026-03-09 12:06:15.423	{}
228	永田莉雨	7	0	2026-03-09 12:06:15.423	2026-03-09 12:06:15.423	{}
229	新山らん	7	0	2026-03-09 12:06:15.423	2026-03-09 12:06:15.423	{}
230	八神さおり	7	0	2026-03-09 12:06:15.423	2026-03-09 12:06:15.423	{}
231	さとう遥希	7	0	2026-03-09 12:06:15.423	2026-03-09 12:06:15.423	{}
232	都築亜美	7	0	2026-03-09 12:06:15.423	2026-03-09 12:06:15.423	{}
233	宝生リリー	7	0	2026-03-09 12:06:15.423	2026-03-09 12:06:15.423	{}
234	佐々木あき	7	0	2026-03-09 12:06:15.423	2026-03-09 12:06:15.423	{}
235	相馬茜	7	0	2026-03-09 12:06:15.423	2026-03-09 12:06:15.423	{}
236	柚月あい	7	0	2026-03-09 12:06:15.423	2026-03-09 12:06:15.423	{}
237	藍芽みずき	7	0	2026-03-09 12:06:15.423	2026-03-09 12:06:15.423	{}
238	東雲みれい	7	0	2026-03-09 12:06:15.423	2026-03-09 12:06:15.423	{}
239	米倉穂香	7	0	2026-03-09 12:06:15.423	2026-03-09 12:06:15.423	{}
240	香椎花乃	7	0	2026-03-09 12:06:15.423	2026-03-09 12:06:15.423	{}
241	香澄りこ	7	0	2026-03-09 12:06:15.423	2026-03-09 12:06:15.423	{}
242	白木優子	7	0	2026-03-09 12:06:15.423	2026-03-09 12:06:15.423	{}
243	藤井有彩	7	0	2026-03-09 12:06:15.423	2026-03-09 12:06:15.423	{}
244	菜月アンナ	7	0	2026-03-09 12:06:15.423	2026-03-09 12:06:15.423	{}
245	跡美しゅり	7	0	2026-03-09 12:06:15.423	2026-03-09 12:06:15.423	{}
246	小川あさ美	7	0	2026-03-09 12:06:15.423	2026-03-09 12:06:15.423	{}
247	西野翔	7	0	2026-03-09 12:06:15.423	2026-03-09 12:06:15.423	{}
248	吉永あかね	7	0	2026-03-09 12:06:15.423	2026-03-09 12:06:15.423	{}
249	葵ななせ	7	0	2026-03-09 12:06:15.423	2026-03-09 12:06:15.423	{}
250	七海ティナ	7	0	2026-03-09 12:06:15.423	2026-03-09 12:06:15.423	{}
251	北嶋あん	7	0	2026-03-09 12:06:15.423	2026-03-09 12:06:15.423	{}
252	みながわ千遥	7	0	2026-03-09 12:06:15.423	2026-03-09 12:06:15.423	{}
253	吉川蓮	7	0	2026-03-09 12:06:15.423	2026-03-09 12:06:15.423	{}
254	福咲れん	7	0	2026-03-09 12:06:15.423	2026-03-09 12:06:15.423	{}
255	竹内夏希	7	0	2026-03-09 12:06:15.423	2026-03-09 12:06:15.423	{}
256	三原ほのか	7	0	2026-03-09 12:06:15.423	2026-03-09 12:06:15.423	{}
257	恵けい	7	0	2026-03-09 12:06:15.423	2026-03-09 12:06:15.423	{}
258	嶋野遥香	7	0	2026-03-09 12:06:15.423	2026-03-09 12:06:15.423	{}
259	星咲優菜	7	0	2026-03-09 12:06:15.423	2026-03-09 12:06:15.423	{}
260	すみれ美香	7	0	2026-03-09 12:06:15.423	2026-03-09 12:06:15.423	{}
261	深田ナナ	7	0	2026-03-09 12:06:15.423	2026-03-09 12:06:15.423	{}
262	岡田真由香	7	0	2026-03-09 12:06:15.423	2026-03-09 12:06:15.423	{}
127	大橋未久	6	11	2026-03-09 11:21:23.781	2026-03-09 12:58:02.574	{191777}
123	桐嶋りの	6	12	2026-03-09 11:21:23.781	2026-03-09 12:58:07.409	{191765}
105	初川みなみ	6	12	2026-03-09 11:21:23.781	2026-03-09 12:59:05.685	{191790}
263	山岸逢花	6	19	2026-03-09 13:10:21.938	2026-03-09 13:16:10.931	{175415}
78	永井マリア	6	18	2026-03-09 11:21:23.781	2026-03-09 13:33:35.644	{191800}
89	月乃ルナ	6	18	2026-03-09 11:21:23.781	2026-03-09 13:34:19.539	{191818}
130	小向美奈子	6	10	2026-03-09 11:21:23.781	2026-03-09 13:35:07.772	{191778}
126	澁谷果歩	6	12	2026-03-09 11:21:23.781	2026-03-09 13:35:08.815	{191798}
79	松岡すず	6	23	2026-03-09 11:21:23.781	2026-03-09 13:35:55.05	{177089}
106	広瀬りおな	6	11	2026-03-09 11:21:23.781	2026-03-09 14:00:54.633	{191773}
98	架乃ゆら	6	13	2026-03-09 11:21:23.781	2026-03-09 14:00:58.413	{191799}
85	川上奈々美	6	19	2026-03-09 11:21:23.781	2026-03-09 14:09:08.997	{10890}
\.


--
-- Data for Name: Tier; Type: TABLE DATA; Schema: public; Owner: postgres
--

COPY public."Tier" (id, name, video_limit, created_at, updated_at, status) FROM stdin;
3	Impression	12	2026-03-03 13:43:23.386	2026-03-03 13:56:35.99	active
7	Archive	12	2026-03-03 13:43:23.39	2026-03-03 13:56:35.992	retired
8	Opus	3	2026-03-03 13:43:23.391	2026-03-03 13:56:35.993	retired
2	Premium	50	2026-03-03 04:35:57.876	2026-03-04 08:35:19.629	active
4	Honor	100	2026-03-03 13:43:23.388	2026-03-09 04:17:28.18	retired
1	Infinite	\N	2026-03-02 11:06:04.049	2026-03-09 07:31:09.634	active
5	Fame	30	2026-03-03 13:43:23.389	2026-03-09 07:31:20.953	retired
6	Classic	20	2026-03-03 13:43:23.389	2026-03-09 07:31:36.85	retired
\.


--
-- Data for Name: _prisma_migrations; Type: TABLE DATA; Schema: public; Owner: postgres
--

COPY public._prisma_migrations (id, checksum, finished_at, migration_name, logs, rolled_back_at, started_at, applied_steps_count) FROM stdin;
5271248f-3f39-4b64-b038-ca3add8c8ca8	674a78cba6842c19d18e20adedf170a43503d151323301496305786c3c50432f	2026-03-02 19:05:18.93624+08	20260302110518_init	\N	\N	2026-03-02 19:05:18.9305+08	1
bd391856-86ca-449d-b5dc-7bf9fc376445	e454bddc34e93198df27b84b2ab2f6131c80d61279b802e0dafe3f416d837aed	2026-03-03 12:30:38.452823+08	20260303043038_add_actress_status	\N	\N	2026-03-03 12:30:38.448129+08	1
ae1c882c-41c1-4830-94e4-31b2dcfb649f	7c969c524dff2bf1b87f333d7884c0ef11904943823be895a45517c4603b272d	2026-03-03 21:42:20.830882+08	20260303134220_update_tier_status	\N	\N	2026-03-03 21:42:20.827793+08	1
2ab2988e-21d0-45bf-91fd-455da382955f	d8023b8e80810a583d862a084d11d7238c92504ad873d45047271b3809d7f9e0	2026-03-03 21:55:46.544075+08	20260303135546_move_status_to_tier	\N	\N	2026-03-03 21:55:46.540576+08	1
ccd92fa0-0a5b-47cc-ae6f-ce3aaea57717	917a491f8f9822baeb1d1521128712118af7b0715c2dfd5ff828e77f7c12a88b	2026-03-04 14:30:55.683065+08	20260304063055_rename_external_id_to_emby_id	\N	\N	2026-03-04 14:30:55.676617+08	1
81a19173-4821-4e59-84e4-33b55b5e094b	1b6f8921aa0cdde20f9f681b09405abedeb7a10d6a827bbb0ee36aaf064d1575	2026-03-09 11:31:27.974675+08	20260309033127_emby_id_to_array	\N	\N	2026-03-09 11:31:27.970497+08	1
\.


--
-- Name: Actress_id_seq; Type: SEQUENCE SET; Schema: public; Owner: postgres
--

SELECT pg_catalog.setval('public."Actress_id_seq"', 263, true);


--
-- Name: Tier_id_seq; Type: SEQUENCE SET; Schema: public; Owner: postgres
--

SELECT pg_catalog.setval('public."Tier_id_seq"', 18, true);


--
-- Name: Actress Actress_pkey; Type: CONSTRAINT; Schema: public; Owner: postgres
--

ALTER TABLE ONLY public."Actress"
    ADD CONSTRAINT "Actress_pkey" PRIMARY KEY (id);


--
-- Name: Tier Tier_pkey; Type: CONSTRAINT; Schema: public; Owner: postgres
--

ALTER TABLE ONLY public."Tier"
    ADD CONSTRAINT "Tier_pkey" PRIMARY KEY (id);


--
-- Name: _prisma_migrations _prisma_migrations_pkey; Type: CONSTRAINT; Schema: public; Owner: postgres
--

ALTER TABLE ONLY public._prisma_migrations
    ADD CONSTRAINT _prisma_migrations_pkey PRIMARY KEY (id);


--
-- Name: Actress_name_key; Type: INDEX; Schema: public; Owner: postgres
--

CREATE UNIQUE INDEX "Actress_name_key" ON public."Actress" USING btree (name);


--
-- Name: Tier_name_key; Type: INDEX; Schema: public; Owner: postgres
--

CREATE UNIQUE INDEX "Tier_name_key" ON public."Tier" USING btree (name);


--
-- Name: Actress Actress_tierId_fkey; Type: FK CONSTRAINT; Schema: public; Owner: postgres
--

ALTER TABLE ONLY public."Actress"
    ADD CONSTRAINT "Actress_tierId_fkey" FOREIGN KEY ("tierId") REFERENCES public."Tier"(id) ON UPDATE CASCADE ON DELETE RESTRICT;


--
-- PostgreSQL database dump complete
--

\unrestrict Hf5qPXv3zqNN28raxp45kaFmC5acJEcFD0cDh1gfsvhD34BGOMixHOGxbaCEbeb

